[{"Name":1,"Description":"tight widh","Size":"M","Color":"Puce","Total":246,"Quantity":11,"Date":"11/4/2024","Status":"Cancel"},
{"Name":2,"Description":"tow clothes","Size":"3XL","Color":"Blue","Total":268,"Quantity":1,"Date":"11/1/2024","Status":"Cancel"},
{"Name":3,"Description":"tow clothes","Size":"XL","Color":"Green","Total":318,"Quantity":6,"Date":"10/6/2024","Status":"Cancel"},
{"Name":4,"Description":"tow clothes","Size":"2XL","Color":"Indigo","Total":363,"Quantity":2,"Date":"5/14/2024","Status":"Published"},
{"Name":5,"Description":"tight widh","Size":"2XL","Color":"Mauv","Total":106,"Quantity":13,"Date":"1/1/2025","Status":"Cancel"},
{"Name":6,"Description":"tow clothes","Size":"M","Color":"Teal","Total":239,"Quantity":6,"Date":"3/10/2025","Status":"Cancel"},
{"Name":7,"Description":"tow clothes","Size":"2XL","Color":"Red","Total":233,"Quantity":14,"Date":"7/18/2024","Status":"Published"},
{"Name":8,"Description":"tow clothes","Size":"3XL","Color":"Mauv","Total":351,"Quantity":3,"Date":"10/29/2024","Status":"Published"},
{"Name":9,"Description":"tow clothes","Size":"3XL","Color":"Fuscia","Total":376,"Quantity":14,"Date":"5/4/2024","Status":"Published"},
{"Name":10,"Description":"tow clothes","Size":"S","Color":"Red","Total":350,"Quantity":9,"Date":"7/7/2024","Status":"Published"},
{"Name":11,"Description":"tow clothes","Size":"2XL","Color":"Goldenrod","Total":461,"Quantity":2,"Date":"7/16/2024","Status":"Published"},
{"Name":12,"Description":"tow clothes","Size":"L","Color":"Teal","Total":269,"Quantity":2,"Date":"1/3/2025","Status":"Cancel"},
{"Name":13,"Description":"tow clothes","Size":"M","Color":"Red","Total":26,"Quantity":8,"Date":"9/14/2024","Status":"Published"},
{"Name":14,"Description":"tow clothes","Size":"3XL","Color":"Mauv","Total":15,"Quantity":11,"Date":"6/17/2024","Status":"Published"},
{"Name":15,"Description":"tow clothes","Size":"2XL","Color":"Crimson","Total":247,"Quantity":1,"Date":"12/20/2024","Status":"Cancel"},
{"Name":16,"Description":"tow clothes","Size":"2XL","Color":"Maroon","Total":16,"Quantity":8,"Date":"12/18/2024","Status":"Cancel"},
{"Name":17,"Description":"tight widh","Size":"M","Color":"Turquoise","Total":405,"Quantity":10,"Date":"3/24/2025","Status":"Cancel"},
{"Name":18,"Description":"tight widh","Size":"L","Color":"Maroon","Total":185,"Quantity":6,"Date":"8/27/2024","Status":"Published"},
{"Name":19,"Description":"tight widh","Size":"2XL","Color":"Maroon","Total":214,"Quantity":3,"Date":"7/24/2024","Status":"Cancel"},
{"Name":20,"Description":"tight widh","Size":"S","Color":"Pink","Total":488,"Quantity":7,"Date":"1/11/2025","Status":"Cancel"},
{"Name":21,"Description":"tow clothes","Size":"S","Color":"Violet","Total":450,"Quantity":9,"Date":"10/7/2024","Status":"Published"},
{"Name":22,"Description":"tight widh","Size":"3XL","Color":"Fuscia","Total":233,"Quantity":14,"Date":"3/11/2025","Status":"Published"},
{"Name":23,"Description":"tight widh","Size":"L","Color":"Crimson","Total":67,"Quantity":2,"Date":"6/5/2024","Status":"Cancel"},
{"Name":24,"Description":"tight widh","Size":"XS","Color":"Turquoise","Total":10,"Quantity":7,"Date":"11/29/2024","Status":"Published"},
{"Name":25,"Description":"tow clothes","Size":"XS","Color":"Aquamarine","Total":82,"Quantity":12,"Date":"6/30/2024","Status":"Cancel"},
{"Name":26,"Description":"tow clothes","Size":"XL","Color":"Pink","Total":441,"Quantity":7,"Date":"6/7/2024","Status":"Cancel"},
{"Name":27,"Description":"tight widh","Size":"XL","Color":"Aquamarine","Total":416,"Quantity":15,"Date":"10/2/2024","Status":"Published"},
{"Name":28,"Description":"tow clothes","Size":"L","Color":"Red","Total":458,"Quantity":13,"Date":"9/30/2024","Status":"Cancel"},
{"Name":29,"Description":"tight widh","Size":"3XL","Color":"Yellow","Total":404,"Quantity":10,"Date":"10/8/2024","Status":"Published"},
{"Name":30,"Description":"tight widh","Size":"S","Color":"Yellow","Total":320,"Quantity":9,"Date":"7/27/2024","Status":"Cancel"},
{"Name":31,"Description":"tight widh","Size":"S","Color":"Yellow","Total":352,"Quantity":7,"Date":"7/29/2024","Status":"Cancel"},
{"Name":32,"Description":"tow clothes","Size":"S","Color":"Turquoise","Total":175,"Quantity":6,"Date":"7/28/2024","Status":"Published"},
{"Name":33,"Description":"tight widh","Size":"M","Color":"Teal","Total":98,"Quantity":8,"Date":"4/10/2025","Status":"Published"},
{"Name":34,"Description":"tight widh","Size":"3XL","Color":"Puce","Total":118,"Quantity":8,"Date":"7/6/2024","Status":"Cancel"},
{"Name":35,"Description":"tight widh","Size":"2XL","Color":"Turquoise","Total":480,"Quantity":10,"Date":"8/29/2024","Status":"Cancel"},
{"Name":36,"Description":"tow clothes","Size":"L","Color":"Mauv","Total":344,"Quantity":7,"Date":"6/7/2024","Status":"Published"},
{"Name":37,"Description":"tow clothes","Size":"S","Color":"Orange","Total":112,"Quantity":14,"Date":"10/4/2024","Status":"Cancel"},
{"Name":38,"Description":"tight widh","Size":"3XL","Color":"Aquamarine","Total":21,"Quantity":3,"Date":"5/11/2024","Status":"Cancel"},
{"Name":39,"Description":"tight widh","Size":"3XL","Color":"Violet","Total":403,"Quantity":12,"Date":"4/1/2025","Status":"Cancel"},
{"Name":40,"Description":"tow clothes","Size":"2XL","Color":"Khaki","Total":290,"Quantity":5,"Date":"6/12/2024","Status":"Published"},
{"Name":41,"Description":"tow clothes","Size":"3XL","Color":"Violet","Total":332,"Quantity":9,"Date":"10/18/2024","Status":"Published"},
{"Name":42,"Description":"tight widh","Size":"XL","Color":"Mauv","Total":315,"Quantity":4,"Date":"3/23/2025","Status":"Published"},
{"Name":43,"Description":"tow clothes","Size":"XL","Color":"Fuscia","Total":254,"Quantity":3,"Date":"7/5/2024","Status":"Cancel"},
{"Name":44,"Description":"tow clothes","Size":"S","Color":"Purple","Total":176,"Quantity":15,"Date":"12/28/2024","Status":"Published"},
{"Name":45,"Description":"tight widh","Size":"L","Color":"Blue","Total":338,"Quantity":3,"Date":"6/4/2024","Status":"Cancel"},
{"Name":46,"Description":"tow clothes","Size":"3XL","Color":"Red","Total":120,"Quantity":11,"Date":"1/4/2025","Status":"Published"},
{"Name":47,"Description":"tow clothes","Size":"L","Color":"Blue","Total":324,"Quantity":15,"Date":"6/7/2024","Status":"Cancel"},
{"Name":48,"Description":"tow clothes","Size":"2XL","Color":"Blue","Total":247,"Quantity":7,"Date":"12/12/2024","Status":"Published"},
{"Name":49,"Description":"tow clothes","Size":"S","Color":"Turquoise","Total":322,"Quantity":10,"Date":"6/18/2024","Status":"Cancel"},
{"Name":50,"Description":"tight widh","Size":"S","Color":"Green","Total":15,"Quantity":6,"Date":"10/4/2024","Status":"Cancel"},
{"Name":51,"Description":"tight widh","Size":"S","Color":"Aquamarine","Total":254,"Quantity":9,"Date":"1/16/2025","Status":"Cancel"},
{"Name":52,"Description":"tow clothes","Size":"3XL","Color":"Teal","Total":420,"Quantity":13,"Date":"5/16/2024","Status":"Cancel"},
{"Name":53,"Description":"tow clothes","Size":"2XL","Color":"Blue","Total":341,"Quantity":1,"Date":"3/19/2025","Status":"Cancel"},
{"Name":54,"Description":"tight widh","Size":"2XL","Color":"Blue","Total":196,"Quantity":11,"Date":"2/2/2025","Status":"Published"},
{"Name":55,"Description":"tight widh","Size":"S","Color":"Puce","Total":33,"Quantity":1,"Date":"8/27/2024","Status":"Published"},
{"Name":56,"Description":"tow clothes","Size":"L","Color":"Blue","Total":237,"Quantity":9,"Date":"2/27/2025","Status":"Published"},
{"Name":57,"Description":"tow clothes","Size":"2XL","Color":"Yellow","Total":164,"Quantity":11,"Date":"7/21/2024","Status":"Cancel"},
{"Name":58,"Description":"tow clothes","Size":"3XL","Color":"Aquamarine","Total":231,"Quantity":5,"Date":"9/13/2024","Status":"Cancel"},
{"Name":59,"Description":"tight widh","Size":"XS","Color":"Khaki","Total":340,"Quantity":9,"Date":"8/27/2024","Status":"Published"},
{"Name":60,"Description":"tow clothes","Size":"M","Color":"Maroon","Total":64,"Quantity":15,"Date":"9/12/2024","Status":"Cancel"},
{"Name":61,"Description":"tight widh","Size":"2XL","Color":"Indigo","Total":325,"Quantity":7,"Date":"2/17/2025","Status":"Published"},
{"Name":62,"Description":"tow clothes","Size":"M","Color":"Green","Total":372,"Quantity":11,"Date":"7/20/2024","Status":"Published"},
{"Name":63,"Description":"tow clothes","Size":"S","Color":"Maroon","Total":247,"Quantity":12,"Date":"8/24/2024","Status":"Cancel"},
{"Name":64,"Description":"tight widh","Size":"2XL","Color":"Fuscia","Total":201,"Quantity":9,"Date":"12/19/2024","Status":"Published"},
{"Name":65,"Description":"tight widh","Size":"XS","Color":"Violet","Total":410,"Quantity":9,"Date":"3/13/2025","Status":"Cancel"},
{"Name":66,"Description":"tight widh","Size":"S","Color":"Khaki","Total":477,"Quantity":4,"Date":"1/29/2025","Status":"Published"},
{"Name":67,"Description":"tow clothes","Size":"M","Color":"Maroon","Total":354,"Quantity":8,"Date":"7/22/2024","Status":"Published"},
{"Name":68,"Description":"tow clothes","Size":"M","Color":"Puce","Total":357,"Quantity":13,"Date":"5/9/2024","Status":"Published"},
{"Name":69,"Description":"tight widh","Size":"3XL","Color":"Pink","Total":235,"Quantity":8,"Date":"3/15/2025","Status":"Cancel"},
{"Name":70,"Description":"tow clothes","Size":"XS","Color":"Khaki","Total":381,"Quantity":11,"Date":"4/17/2025","Status":"Cancel"},
{"Name":71,"Description":"tow clothes","Size":"2XL","Color":"Fuscia","Total":69,"Quantity":12,"Date":"8/19/2024","Status":"Cancel"},
{"Name":72,"Description":"tight widh","Size":"S","Color":"Crimson","Total":228,"Quantity":11,"Date":"9/6/2024","Status":"Published"},
{"Name":73,"Description":"tow clothes","Size":"S","Color":"Green","Total":466,"Quantity":15,"Date":"5/14/2024","Status":"Published"},
{"Name":74,"Description":"tow clothes","Size":"3XL","Color":"Turquoise","Total":104,"Quantity":7,"Date":"6/28/2024","Status":"Cancel"},
{"Name":75,"Description":"tight widh","Size":"M","Color":"Red","Total":314,"Quantity":14,"Date":"1/31/2025","Status":"Cancel"},
{"Name":76,"Description":"tight widh","Size":"3XL","Color":"Green","Total":106,"Quantity":4,"Date":"4/5/2025","Status":"Published"},
{"Name":77,"Description":"tow clothes","Size":"XL","Color":"Red","Total":483,"Quantity":3,"Date":"9/1/2024","Status":"Published"},
{"Name":78,"Description":"tow clothes","Size":"L","Color":"Teal","Total":235,"Quantity":13,"Date":"1/12/2025","Status":"Published"},
{"Name":79,"Description":"tow clothes","Size":"M","Color":"Red","Total":461,"Quantity":8,"Date":"11/29/2024","Status":"Cancel"},
{"Name":80,"Description":"tight widh","Size":"XS","Color":"Turquoise","Total":487,"Quantity":2,"Date":"2/4/2025","Status":"Published"},
{"Name":81,"Description":"tight widh","Size":"3XL","Color":"Violet","Total":210,"Quantity":4,"Date":"6/1/2024","Status":"Cancel"},
{"Name":82,"Description":"tow clothes","Size":"XS","Color":"Green","Total":129,"Quantity":13,"Date":"1/12/2025","Status":"Published"},
{"Name":83,"Description":"tow clothes","Size":"M","Color":"Khaki","Total":486,"Quantity":14,"Date":"3/14/2025","Status":"Published"},
{"Name":84,"Description":"tow clothes","Size":"L","Color":"Khaki","Total":162,"Quantity":8,"Date":"6/25/2024","Status":"Cancel"},
{"Name":85,"Description":"tow clothes","Size":"XS","Color":"Purple","Total":14,"Quantity":13,"Date":"3/17/2025","Status":"Cancel"},
{"Name":86,"Description":"tow clothes","Size":"XL","Color":"Aquamarine","Total":217,"Quantity":12,"Date":"8/6/2024","Status":"Published"},
{"Name":87,"Description":"tight widh","Size":"3XL","Color":"Violet","Total":170,"Quantity":12,"Date":"6/8/2024","Status":"Cancel"},
{"Name":88,"Description":"tight widh","Size":"S","Color":"Violet","Total":110,"Quantity":8,"Date":"5/20/2024","Status":"Published"},
{"Name":89,"Description":"tow clothes","Size":"2XL","Color":"Goldenrod","Total":34,"Quantity":12,"Date":"11/26/2024","Status":"Published"},
{"Name":90,"Description":"tight widh","Size":"XS","Color":"Goldenrod","Total":107,"Quantity":11,"Date":"7/26/2024","Status":"Cancel"},
{"Name":91,"Description":"tight widh","Size":"2XL","Color":"Orange","Total":195,"Quantity":7,"Date":"5/5/2024","Status":"Cancel"},
{"Name":92,"Description":"tight widh","Size":"2XL","Color":"Khaki","Total":419,"Quantity":8,"Date":"3/7/2025","Status":"Cancel"},
{"Name":93,"Description":"tow clothes","Size":"S","Color":"Violet","Total":48,"Quantity":1,"Date":"4/23/2024","Status":"Published"},
{"Name":94,"Description":"tight widh","Size":"2XL","Color":"Turquoise","Total":168,"Quantity":8,"Date":"4/10/2025","Status":"Cancel"},
{"Name":95,"Description":"tow clothes","Size":"L","Color":"Violet","Total":346,"Quantity":13,"Date":"4/26/2024","Status":"Published"},
{"Name":96,"Description":"tow clothes","Size":"L","Color":"Indigo","Total":398,"Quantity":11,"Date":"4/24/2024","Status":"Published"},
{"Name":97,"Description":"tight widh","Size":"L","Color":"Green","Total":165,"Quantity":9,"Date":"8/22/2024","Status":"Published"},
{"Name":98,"Description":"tow clothes","Size":"3XL","Color":"Aquamarine","Total":127,"Quantity":14,"Date":"6/8/2024","Status":"Published"},
{"Name":99,"Description":"tight widh","Size":"XL","Color":"Red","Total":114,"Quantity":2,"Date":"10/4/2024","Status":"Cancel"},
{"Name":100,"Description":"tow clothes","Size":"3XL","Color":"Goldenrod","Total":454,"Quantity":15,"Date":"3/9/2025","Status":"Cancel"}]