[{"Name":"Susann Khotler","Description":"tow clothes","Size":"XL","Color":"Mauv","Total":174,"Quantity":12,"Date":"8/29/2024","Status":"Published","id":1},
{"Name":"Caritta Dyte","Description":"tow clothes","Size":"XL","Color":"Goldenrod","Total":307,"Quantity":11,"Date":"1/29/2025","Status":"Cancel","id":2},
{"Name":"Meaghan LeEstut","Description":"tight widh","Size":"M","Color":"Orange","Total":261,"Quantity":1,"Date":"1/9/2025","Status":"Cancel","id":3},
{"Name":"Gilbertine Mack","Description":"tow clothes","Size":"3XL","Color":"Purple","Total":112,"Quantity":5,"Date":"4/4/2025","Status":"Cancel","id":4},
{"Name":"Tonnie Eddins","Description":"tow clothes","Size":"S","Color":"Khaki","Total":43,"Quantity":8,"Date":"1/24/2025","Status":"Published","id":5},
{"Name":"Deck MacColm","Description":"tow clothes","Size":"M","Color":"Green","Total":329,"Quantity":6,"Date":"3/19/2025","Status":"Cancel","id":6},
{"Name":"Solomon Batter","Description":"tight widh","Size":"XS","Color":"Aquamarine","Total":22,"Quantity":3,"Date":"9/24/2024","Status":"Published","id":7},
{"Name":"Powell Suggate","Description":"tight widh","Size":"2XL","Color":"Khaki","Total":316,"Quantity":11,"Date":"3/9/2025","Status":"Published","id":8},
{"Name":"Sander Rubenovic","Description":"tow clothes","Size":"XL","Color":"Mauv","Total":376,"Quantity":4,"Date":"6/2/2024","Status":"Cancel","id":9},
{"Name":"Debor Brolly","Description":"tow clothes","Size":"M","Color":"Green","Total":489,"Quantity":12,"Date":"8/29/2024","Status":"Published","id":10},
{"Name":"Vinson Kopp","Description":"tow clothes","Size":"3XL","Color":"Fuscia","Total":378,"Quantity":6,"Date":"1/11/2025","Status":"Cancel","id":11},
{"Name":"Gui Ferrick","Description":"tow clothes","Size":"M","Color":"Purple","Total":458,"Quantity":14,"Date":"7/23/2024","Status":"Cancel","id":12},
{"Name":"Norrie Devonport","Description":"tow clothes","Size":"L","Color":"Aquamarine","Total":113,"Quantity":9,"Date":"10/31/2024","Status":"Published","id":13},
{"Name":"Lucina Belden","Description":"tow clothes","Size":"2XL","Color":"Crimson","Total":485,"Quantity":13,"Date":"5/18/2024","Status":"Published","id":14},
{"Name":"Zacharia Paulot","Description":"tight widh","Size":"L","Color":"Purple","Total":486,"Quantity":2,"Date":"5/14/2024","Status":"Published","id":15},
{"Name":"Marylin Lenham","Description":"tow clothes","Size":"S","Color":"Yellow","Total":239,"Quantity":13,"Date":"1/15/2025","Status":"Cancel","id":16},
{"Name":"Friedrick Armor","Description":"tow clothes","Size":"S","Color":"Aquamarine","Total":187,"Quantity":14,"Date":"5/1/2024","Status":"Published","id":17},
{"Name":"Marvin Haldin","Description":"tight widh","Size":"3XL","Color":"Crimson","Total":213,"Quantity":3,"Date":"10/17/2024","Status":"Published","id":18},
{"Name":"Irena Pelz","Description":"tight widh","Size":"2XL","Color":"Maroon","Total":332,"Quantity":12,"Date":"9/10/2024","Status":"Published","id":19},
{"Name":"Pamela Remnant","Description":"tow clothes","Size":"XS","Color":"Turquoise","Total":359,"Quantity":11,"Date":"12/27/2024","Status":"Published","id":20},
{"Name":"Jeana Toghill","Description":"tow clothes","Size":"2XL","Color":"Aquamarine","Total":267,"Quantity":1,"Date":"10/29/2024","Status":"Published","id":21},
{"Name":"Cathleen Deamer","Description":"tight widh","Size":"S","Color":"Fuscia","Total":378,"Quantity":9,"Date":"10/2/2024","Status":"Published","id":22},
{"Name":"Annice Venditti","Description":"tight widh","Size":"S","Color":"Turquoise","Total":130,"Quantity":1,"Date":"5/13/2024","Status":"Published","id":23},
{"Name":"Lisle Mc Carrick","Description":"tight widh","Size":"2XL","Color":"Aquamarine","Total":224,"Quantity":4,"Date":"5/2/2024","Status":"Cancel","id":24},
{"Name":"Monique Skiplorne","Description":"tight widh","Size":"S","Color":"Turquoise","Total":330,"Quantity":4,"Date":"6/5/2024","Status":"Cancel","id":25},
{"Name":"Hedvige Torricella","Description":"tow clothes","Size":"S","Color":"Aquamarine","Total":368,"Quantity":5,"Date":"3/6/2025","Status":"Published","id":26},
{"Name":"Lowell Stowell","Description":"tow clothes","Size":"L","Color":"Fuscia","Total":217,"Quantity":15,"Date":"5/4/2024","Status":"Cancel","id":27},
{"Name":"Caria Logsdale","Description":"tow clothes","Size":"3XL","Color":"Green","Total":172,"Quantity":11,"Date":"8/1/2024","Status":"Cancel","id":28},
{"Name":"Grantham Shields","Description":"tow clothes","Size":"XL","Color":"Aquamarine","Total":38,"Quantity":8,"Date":"10/27/2024","Status":"Cancel","id":29},
{"Name":"Issy Laughtisse","Description":"tow clothes","Size":"M","Color":"Fuscia","Total":178,"Quantity":3,"Date":"9/3/2024","Status":"Published","id":30},
{"Name":"Malachi Killock","Description":"tow clothes","Size":"XS","Color":"Violet","Total":349,"Quantity":7,"Date":"11/4/2024","Status":"Cancel","id":31},
{"Name":"Titus Bryceson","Description":"tow clothes","Size":"L","Color":"Green","Total":335,"Quantity":14,"Date":"2/9/2025","Status":"Cancel","id":32},
{"Name":"Charo Grint","Description":"tight widh","Size":"XS","Color":"Aquamarine","Total":493,"Quantity":11,"Date":"11/26/2024","Status":"Published","id":33},
{"Name":"Karrie Berndtsson","Description":"tow clothes","Size":"3XL","Color":"Indigo","Total":60,"Quantity":12,"Date":"12/2/2024","Status":"Cancel","id":34},
{"Name":"Gerda Bootton","Description":"tight widh","Size":"S","Color":"Goldenrod","Total":120,"Quantity":13,"Date":"11/26/2024","Status":"Published","id":35},
{"Name":"Terrie Klassman","Description":"tight widh","Size":"S","Color":"Turquoise","Total":346,"Quantity":12,"Date":"4/15/2025","Status":"Published","id":36},
{"Name":"Deni Laville","Description":"tight widh","Size":"XL","Color":"Purple","Total":467,"Quantity":15,"Date":"10/1/2024","Status":"Cancel","id":37},
{"Name":"Kristoforo Melsome","Description":"tight widh","Size":"XS","Color":"Aquamarine","Total":244,"Quantity":13,"Date":"2/5/2025","Status":"Published","id":38},
{"Name":"Stoddard Gawthrope","Description":"tight widh","Size":"3XL","Color":"Pink","Total":255,"Quantity":11,"Date":"3/21/2025","Status":"Cancel","id":39},
{"Name":"Marten Nelson","Description":"tight widh","Size":"M","Color":"Red","Total":101,"Quantity":6,"Date":"8/8/2024","Status":"Cancel","id":40},
{"Name":"Carlo Brideoke","Description":"tow clothes","Size":"3XL","Color":"Pink","Total":210,"Quantity":13,"Date":"1/12/2025","Status":"Published","id":41},
{"Name":"Melisandra Coiley","Description":"tow clothes","Size":"3XL","Color":"Purple","Total":495,"Quantity":8,"Date":"2/3/2025","Status":"Cancel","id":42},
{"Name":"Godiva Jenton","Description":"tow clothes","Size":"M","Color":"Red","Total":248,"Quantity":3,"Date":"11/24/2024","Status":"Cancel","id":43},
{"Name":"Earl Godar","Description":"tight widh","Size":"2XL","Color":"Maroon","Total":330,"Quantity":12,"Date":"9/20/2024","Status":"Cancel","id":44},
{"Name":"Ode Scutt","Description":"tight widh","Size":"XS","Color":"Teal","Total":364,"Quantity":11,"Date":"8/1/2024","Status":"Published","id":45},
{"Name":"Flossi Winders","Description":"tight widh","Size":"XL","Color":"Yellow","Total":198,"Quantity":2,"Date":"1/26/2025","Status":"Published","id":46},
{"Name":"Elianora Phil","Description":"tow clothes","Size":"M","Color":"Purple","Total":20,"Quantity":4,"Date":"4/18/2025","Status":"Cancel","id":47},
{"Name":"Standford Meiklem","Description":"tow clothes","Size":"XL","Color":"Puce","Total":225,"Quantity":2,"Date":"5/9/2024","Status":"Cancel","id":48},
{"Name":"Melony Skellen","Description":"tight widh","Size":"M","Color":"Crimson","Total":139,"Quantity":2,"Date":"1/11/2025","Status":"Published","id":49},
{"Name":"Boote Slocombe","Description":"tight widh","Size":"XS","Color":"Pink","Total":208,"Quantity":3,"Date":"2/13/2025","Status":"Cancel","id":50},
{"Name":"Carmelita Wandtke","Description":"tow clothes","Size":"XS","Color":"Red","Total":260,"Quantity":8,"Date":"2/17/2025","Status":"Published","id":51},
{"Name":"Vera Glassborow","Description":"tow clothes","Size":"L","Color":"Puce","Total":389,"Quantity":1,"Date":"8/13/2024","Status":"Published","id":52},
{"Name":"Staford McFfaden","Description":"tow clothes","Size":"S","Color":"Maroon","Total":78,"Quantity":14,"Date":"3/9/2025","Status":"Published","id":53},
{"Name":"Allan Grayer","Description":"tight widh","Size":"L","Color":"Maroon","Total":173,"Quantity":13,"Date":"8/25/2024","Status":"Cancel","id":54},
{"Name":"Merwyn Measham","Description":"tight widh","Size":"2XL","Color":"Violet","Total":215,"Quantity":11,"Date":"8/4/2024","Status":"Cancel","id":55},
{"Name":"Erin Mordacai","Description":"tight widh","Size":"S","Color":"Teal","Total":276,"Quantity":5,"Date":"1/30/2025","Status":"Published","id":56},
{"Name":"Myrvyn Pottinger","Description":"tow clothes","Size":"XL","Color":"Mauv","Total":200,"Quantity":6,"Date":"1/10/2025","Status":"Published","id":57},
{"Name":"Marty Asel","Description":"tight widh","Size":"S","Color":"Teal","Total":358,"Quantity":15,"Date":"7/20/2024","Status":"Cancel","id":58},
{"Name":"Sibelle Giovanni","Description":"tow clothes","Size":"S","Color":"Crimson","Total":47,"Quantity":1,"Date":"9/24/2024","Status":"Cancel","id":59},
{"Name":"Marni McBryde","Description":"tight widh","Size":"3XL","Color":"Orange","Total":280,"Quantity":12,"Date":"6/3/2024","Status":"Cancel","id":60},
{"Name":"Eddi Cicconettii","Description":"tight widh","Size":"L","Color":"Green","Total":55,"Quantity":4,"Date":"8/11/2024","Status":"Cancel","id":61},
{"Name":"Fairfax Paylie","Description":"tow clothes","Size":"M","Color":"Goldenrod","Total":338,"Quantity":13,"Date":"12/8/2024","Status":"Published","id":62},
{"Name":"Reina McDermot","Description":"tow clothes","Size":"S","Color":"Red","Total":307,"Quantity":2,"Date":"6/6/2024","Status":"Cancel","id":63},
{"Name":"Jackqueline Buddles","Description":"tight widh","Size":"3XL","Color":"Pink","Total":133,"Quantity":6,"Date":"8/26/2024","Status":"Published","id":64},
{"Name":"Adele Chopin","Description":"tight widh","Size":"3XL","Color":"Pink","Total":48,"Quantity":2,"Date":"10/18/2024","Status":"Published","id":65},
{"Name":"Izak Carswell","Description":"tight widh","Size":"3XL","Color":"Pink","Total":22,"Quantity":10,"Date":"2/11/2025","Status":"Cancel","id":66},
{"Name":"Clemmy Fierman","Description":"tow clothes","Size":"3XL","Color":"Fuscia","Total":218,"Quantity":11,"Date":"9/2/2024","Status":"Published","id":67},
{"Name":"Melissa Leachman","Description":"tow clothes","Size":"XS","Color":"Puce","Total":364,"Quantity":4,"Date":"10/5/2024","Status":"Published","id":68},
{"Name":"Ebony Pavolillo","Description":"tight widh","Size":"M","Color":"Purple","Total":421,"Quantity":11,"Date":"8/3/2024","Status":"Published","id":69},
{"Name":"Vevay Grishanov","Description":"tow clothes","Size":"3XL","Color":"Orange","Total":246,"Quantity":14,"Date":"7/19/2024","Status":"Published","id":70},
{"Name":"Noach Crabtree","Description":"tight widh","Size":"3XL","Color":"Khaki","Total":473,"Quantity":11,"Date":"11/22/2024","Status":"Published","id":71},
{"Name":"Dory Megarrell","Description":"tow clothes","Size":"XS","Color":"Green","Total":363,"Quantity":6,"Date":"8/9/2024","Status":"Cancel","id":72},
{"Name":"Annnora Dutteridge","Description":"tow clothes","Size":"2XL","Color":"Maroon","Total":390,"Quantity":4,"Date":"6/8/2024","Status":"Cancel","id":73},
{"Name":"Barri Duthie","Description":"tow clothes","Size":"2XL","Color":"Mauv","Total":60,"Quantity":2,"Date":"8/9/2024","Status":"Cancel","id":74},
{"Name":"Cross Stickland","Description":"tight widh","Size":"S","Color":"Puce","Total":306,"Quantity":15,"Date":"6/9/2024","Status":"Cancel","id":75},
{"Name":"Neale Albrighton","Description":"tight widh","Size":"3XL","Color":"Khaki","Total":158,"Quantity":2,"Date":"6/5/2024","Status":"Cancel","id":76},
{"Name":"Kellie Robins","Description":"tight widh","Size":"3XL","Color":"Violet","Total":446,"Quantity":1,"Date":"11/30/2024","Status":"Cancel","id":77},
{"Name":"Marlyn Gabbidon","Description":"tight widh","Size":"XL","Color":"Mauv","Total":272,"Quantity":3,"Date":"1/12/2025","Status":"Published","id":78},
{"Name":"Hilario Vanshin","Description":"tow clothes","Size":"M","Color":"Pink","Total":480,"Quantity":9,"Date":"11/28/2024","Status":"Published","id":79},
{"Name":"Roman Alam","Description":"tight widh","Size":"XS","Color":"Indigo","Total":126,"Quantity":5,"Date":"4/25/2024","Status":"Published","id":80},
{"Name":"Claudine Allardyce","Description":"tight widh","Size":"M","Color":"Turquoise","Total":110,"Quantity":6,"Date":"11/17/2024","Status":"Published","id":81},
{"Name":"Arlana Castagno","Description":"tight widh","Size":"XL","Color":"Mauv","Total":167,"Quantity":1,"Date":"9/20/2024","Status":"Published","id":82},
{"Name":"Nikolos Sadat","Description":"tight widh","Size":"2XL","Color":"Red","Total":444,"Quantity":15,"Date":"1/3/2025","Status":"Cancel","id":83},
{"Name":"Isacco Eyckel","Description":"tow clothes","Size":"S","Color":"Teal","Total":173,"Quantity":10,"Date":"8/7/2024","Status":"Cancel","id":84},
{"Name":"Myrta Heavy","Description":"tow clothes","Size":"XL","Color":"Indigo","Total":480,"Quantity":9,"Date":"12/27/2024","Status":"Cancel","id":85},
{"Name":"Rickie Easman","Description":"tow clothes","Size":"XL","Color":"Aquamarine","Total":213,"Quantity":8,"Date":"1/7/2025","Status":"Published","id":86},
{"Name":"Eadmund Kington","Description":"tight widh","Size":"L","Color":"Khaki","Total":161,"Quantity":13,"Date":"1/19/2025","Status":"Published","id":87},
{"Name":"Sherman Baskett","Description":"tow clothes","Size":"2XL","Color":"Crimson","Total":66,"Quantity":9,"Date":"4/17/2025","Status":"Cancel","id":88},
{"Name":"Gordon Gianilli","Description":"tight widh","Size":"3XL","Color":"Aquamarine","Total":20,"Quantity":4,"Date":"2/22/2025","Status":"Published","id":89},
{"Name":"Tuckie Attwoul","Description":"tow clothes","Size":"L","Color":"Khaki","Total":402,"Quantity":3,"Date":"10/6/2024","Status":"Published","id":90},
{"Name":"Pepillo Inman","Description":"tow clothes","Size":"2XL","Color":"Puce","Total":474,"Quantity":12,"Date":"7/7/2024","Status":"Published","id":91},
{"Name":"Gerek Worcs","Description":"tight widh","Size":"S","Color":"Fuscia","Total":81,"Quantity":10,"Date":"12/30/2024","Status":"Published","id":92},
{"Name":"Thia Chyuerton","Description":"tight widh","Size":"XS","Color":"Violet","Total":282,"Quantity":14,"Date":"7/1/2024","Status":"Cancel","id":93},
{"Name":"Mariska Lagen","Description":"tight widh","Size":"S","Color":"Goldenrod","Total":245,"Quantity":8,"Date":"10/5/2024","Status":"Cancel","id":94},
{"Name":"Jozef Inold","Description":"tow clothes","Size":"XL","Color":"Maroon","Total":41,"Quantity":5,"Date":"1/28/2025","Status":"Cancel","id":95},
{"Name":"Farrah Haggard","Description":"tight widh","Size":"XL","Color":"Pink","Total":83,"Quantity":15,"Date":"7/21/2024","Status":"Published","id":96},
{"Name":"Madelle Gosnold","Description":"tow clothes","Size":"M","Color":"Goldenrod","Total":167,"Quantity":3,"Date":"2/10/2025","Status":"Published","id":97},
{"Name":"Jose Forrestall","Description":"tow clothes","Size":"2XL","Color":"Orange","Total":320,"Quantity":9,"Date":"1/9/2025","Status":"Cancel","id":98},
{"Name":"Gardiner Carrigan","Description":"tow clothes","Size":"XS","Color":"Crimson","Total":142,"Quantity":8,"Date":"7/5/2024","Status":"Cancel","id":99},
{"Name":"Noah Ellar","Description":"tow clothes","Size":"XS","Color":"Puce","Total":344,"Quantity":12,"Date":"5/18/2024","Status":"Cancel","id":100}]